Link Name,Center of Mass X,Center of Mass Y,Center of Mass Z,Center of Mass Roll,Center of Mass Pitch,Center of Mass Yaw,Mass,Moment Ixx,Moment Ixy,Moment Ixz,Moment Iyy,Moment Iyz,Moment Izz,Visual X,Visual Y,Visual Z,Visual Roll,Visual Pitch,Visual Yaw,Mesh Filename,Color Red,Color Green,Color Blue,Color Alpha,Collision X,Collision Y,Collision Z,Collision Roll,Collision Pitch,Collision Yaw,Collision Mesh Filename,Material Name,SW Components,Coordinate System,Axis Name,Joint Name,Joint Type,Joint Origin X,Joint Origin Y,Joint Origin Z,Joint Origin Roll,Joint Origin Pitch,Joint Origin Yaw,Parent,Joint Axis X,Joint Axis Y,Joint Axis Z,Limit Effort,Limit Velocity,Limit Lower,Limit Upper,Calibration rising,Calibration falling,Dynamics Damping,Dynamics Friction,Safety Soft Upper,Safety Soft Lower,Safety K Position,Safety K Velocity
base,-0.00385031800488411,0.0062245431164105,0.0681970092717085,0,0,0,3.08904588823227,0.0143862444972223,3.22704267160911E-05,-0.000106534248515888,0.0143811632198707,3.33909583435944E-05,0.0098663438527093,0,0,0,0,0,0,package://arm_six_dof/meshes/base.STL,0.792156862745098,0.819607843137255,0.933333333333333,1,0,0,0,0,0,0,package://arm_six_dof/meshes/base.STL,,6DOFbase4-1;6DOFbase2-1;6DOFbase3-1;6DOFbase5-1;6DOFbase6-1;6DOFthrust bearing-1;6DOFnema 23-1;6DOFnema 23 shaft-1;6DOF15 teeth gear module 2-1,Arm_base_origin,,,,0,0,0,0,0,0,,0,0,0,,,,,,,,,,,,
link1,-7.58096465961427E-09,0.00207554487523605,0.141823515157977,0,0,0,2.70502236856166,0.00917478008531025,8.00994911501963E-10,-5.10517377671915E-11,0.00923176669581605,0.000123968166655889,0.00876778115050001,0,0,0,0,0,0,package://arm_six_dof/meshes/link1.STL,0.792156862745098,0.819607843137255,0.933333333333333,1,0,0,0,0,0,0,package://arm_six_dof/meshes/link1.STL,,6DOFbase1-1;6DOFbase1-2;6DOFbase1-3;6DOFbase1-4;6DOFPart17 2nd-1;6DOF6203-1;6DOF6203-2;6DOF100 teeth gear module 2-1;6DOFpart 5-1;6DOFpart 1-1;6DOFPart15-1;6DOFPart15-2;6DOF6816 bearing-1;6DOF6816 bearing-2;6DOFnema 23 shaft-2;6DOFnema 23-2;6DOFGT2 pulley-1,Coordinate System1,Axis_joint1,joint1,continuous,0,0,0.0225,0,0,0,base,0,0,1,,,,,,,,,,,,
link2,0.000156427958160009,0.0006801405642061,0.148807939258918,0,0,0,2.22728017790535,0.00683467265425156,3.34600120286605E-07,9.10678561378845E-07,0.00889353253461944,1.42901914390828E-08,0.00303431558052376,0,0,0,0,0,0,package://arm_six_dof/meshes/link2.STL,0.792156862745098,0.819607843137255,0.933333333333333,1,0,0,0,0,0,0,package://arm_six_dof/meshes/link2.STL,,6DOFArm1 part 1-1;6DOFArm1 part 2-1;6DOFPart2-1;6DOFPart2-2;6DOFGT2 pulley-2;6DOFnema 23-3;6DOFnema 23 shaft-3;6DOFPart19-2;6DOFPart20-1;6DOF6203-3;6DOF6203-4,Coordinate System2,Axis1,joint2,revolute,0,0,0.2465,0,0,0,link1,0,1,0,0,0,0,0,,,,,,,,
link3,-0.000990348356228213,0.00102857084141682,0.0856661049030437,0,0,0,1.41689003296651,0.00261452739041796,-8.62490348867795E-10,1.56633163356469E-06,0.00191462061460724,1.21053408375965E-08,0.00207736387673544,0,0,0,0,0,0,package://arm_six_dof/meshes/link3.STL,0.792156862745098,0.819607843137255,0.933333333333333,1,0,0,0,0,0,0,package://arm_six_dof/meshes/link3.STL,,6DOF6203-5;6DOF6203-6;6DOFPart7-1;6DOFPart7-2;6DOFPart18-1;6DOF6816 bearing-3;6DOFnema 17-1;6DOFnema 17 shaft-1;6DOFPart8-1;6DOF23 teeth gear-3;6DOFMR105 bearing-1;6DOFMR105 bearing-3;6DOF23 teeth gear-5;6DOFMR105 bearing-4;6DOF23 teeth gear-6;6DOFMR105 bearing-5;6DOF23 teeth gear-7;6DOF15 teeth gear-1;6DOFPart8-2,Coordinate System3,Axis2,joint3,revolute,-2.0052E-05,-0.0010281,0.31018,0,0,0,link2,0,1,0,0,0,0,0,,,,,,,,
link4,0.139734017536537,0.000250004128133102,4.66141038933943E-05,0,0,0,1.47106339871206,0.00166104178764195,-5.25942535488656E-05,-0.000231538431764538,0.00530152327017035,-1.60973414097723E-05,0.00571916986427762,0,0,0,0,0,0,package://arm_six_dof/meshes/link4.STL,0.792156862745098,0.819607843137255,0.933333333333333,1,0,0,0,0,0,0,package://arm_six_dof/meshes/link4.STL,,6DOFinternal gear arrangement-1;6DOFPart11-1;6DOFPart9 part-1;6DOFPart9 part2-1;6DOFnema 17 shaft small-1;6DOFnema 17 small-1;6DOF6203-7;6DOF6203-8;6DOFpart21-1;6DOFGT2 pulley-3,Coordinate System4,Axis_joint4,joint4,continuous,0.032765,0.0010281,0.12482,0,0,0,link3,1,0,0,,,,,,,,,,,,
link5,0.0105061101160415,7.0318327313217E-05,7.03363407895674E-05,0,0,0,0.167028363311909,6.88660738661919E-05,4.32116047212438E-10,-8.08689217331644E-12,5.3502927473475E-05,6.67655502322775E-12,5.46383889001893E-05,0,0,0,0,0,0,package://arm_six_dof/meshes/link5.STL,0.792156862745098,0.819607843137255,0.933333333333333,1,0,0,0,0,0,0,package://arm_six_dof/meshes/link5.STL,,6DOF42 teeth GT2-1;6DOFPart10-1;6DOF42 teeth GT2-2;6DOFMR105 bearing-6;6DOFMR105 bearing-7;6DOFnema 17 shaft small-2;6DOFnema 17 small-2;6DOFPart12-1;6DOF20 teeth gear module 1-1;6DOF23 teeth gear module 1-3;6DOFMR105 bearing-8;6DOFMR105 bearing-10;6DOF20 teeth gear module 1-3;6DOFMR105 bearing-11;6DOF20 teeth gear module 1-4;6DOFMR105 bearing-12;6DOF20 teeth gear module 1-5;6DOFPart13-1,Coordinate System5,Axis3,joint5,revolute,0.312,0,0,0,0,0,link4,0,-1,0,0,0,0,0,,,,,,,,
end_effector,0.00458298577499539,4.6273058802581E-05,9.73833471595853E-05,0,0,0,0.0934826631207986,9.0322333707339E-05,-6.95170856642556E-08,1.76631187585008E-08,4.94601755939655E-05,-9.05767788827389E-08,4.95235389564169E-05,0,0,0,0,0,0,package://arm_six_dof/meshes/end_effector.STL,0.792156862745098,0.819607843137255,0.933333333333333,1,0,0,0,0,0,0,package://arm_six_dof/meshes/end_effector.STL,,6DOFinternal gear 63 teeth module 1-1;6DOFPart14-1,Coordinate System6,Axis_joint6,joint6,continuous,0.044,0,0,0,0,0,link5,1,0,0,,,,,,,,,,,,
